number,raw_unit,ingredient,notes,pint_raw,pint_volume,pint_mass
3.6300000000000003,cup,cucumber,,3.6300000000000003 cup,858.8152984949999 milliliter,
3.6300000000000003,cup,red cabbage,,3.6300000000000003 cup,858.8152984949999 milliliter,
110.0,piece,cherry tomato,,,,
2.75,cup,olive,,2.75 cup,650.6176503749998 milliliter,
55.0,piece,falafel,,,,
2.75,cup,hummus,,2.75 cup,650.6176503749998 milliliter,
11.0,piece,tzatziki,4oz container,,,
3.6300000000000003,cup,tofu feta cheese,,3.6300000000000003 cup,858.8152984949999 milliliter,
11.0,cup,lettuce,,11.0 cup,2602.4706014999992 milliliter,
