number,raw_unit,ingredient,notes,pint_raw,pint_volume,pint_mass
13.200000000000001,cup,cucumber,,13.200000000000001 cup,3122.9647217999996 milliliter,
13.200000000000001,cup,red cabbage,,13.200000000000001 cup,3122.9647217999996 milliliter,
400.0,piece,cherry tomato,,,,
10.0,cup,olive,,10.0 cup,2365.8823649999995 milliliter,
200.0,piece,falafel,,,,
10.0,cup,hummus,,10.0 cup,2365.8823649999995 milliliter,
40.0,piece,tzatziki,4oz container,,,
13.200000000000001,cup,tofu feta cheese,,13.200000000000001 cup,3122.9647217999996 milliliter,
40.0,cup,lettuce,,40.0 cup,9463.529459999998 milliliter,
