number,raw_unit,ingredient,notes,pint_raw,pint_volume,pint_mass
2.9411764705882355,cup,peanut butter,,2.9411764705882355 cup,695.8477544117645 milliliter,758.4740523088235 gram
1.4705882352941178,cup,tamari,,1.4705882352941178 cup,347.92387720588226 milliliter,375.7577873823529 gram
1.1764705882352942,cup,apple cider vinegar,,1.1764705882352942 cup,278.33910176470584 milliliter,339.5737041529411 gram
0.8823529411764706,cup,maple syrup,,0.8823529411764706 cup,208.75432632352934 milliliter,285.99342706323523 gram
1.7647058823529411,tbsp,ginger,,1.7647058823529411 tablespoon,26.094290790441168 milliliter,11.820216541213977 gram
11.764705882352942,clove,garlic,,,,
1.7647058823529411,tsp,red pepper flake,,1.7647058823529411 teaspoon,8.698096930147056 milliliter,4.117647058823529 gram
0.8705882352941177,cup,water,,0.8705882352941177 cup,205.9709353058823 milliliter,205.9709353058823 gram
