number,raw_unit,ingredient,notes,pint_raw,pint_volume,pint_mass
5.882352941176471,cup,peanut butter,,5.882352941176471 cup,1391.695508823529 milliliter,1516.948104617647 gram
2.9411764705882355,cup,tamari,,2.9411764705882355 cup,695.8477544117645 milliliter,751.5155747647058 gram
2.3529411764705883,cup,apple cider vinegar,,2.3529411764705883 cup,556.6782035294117 milliliter,679.1474083058822 gram
1.7647058823529411,cup,maple syrup,,1.7647058823529411 cup,417.5086526470587 milliliter,571.9868541264705 gram
3.5294117647058822,tbsp,ginger,,3.5294117647058822 tablespoon,52.188581580882335 milliliter,23.640433082427954 gram
23.529411764705884,clove,garlic,,,,
3.5294117647058822,tsp,red pepper flake,,3.5294117647058822 teaspoon,17.39619386029411 milliliter,8.235294117647058 gram
1.7411764705882353,cup,water,,1.7411764705882353 cup,411.9418706117646 milliliter,411.9418706117646 gram
