number,raw_unit,ingredient,notes,pint_raw,pint_volume,pint_mass
40.0,whole,onion,very thinly sliced,,,
20.0,cup,water,,20.0 cup,4731.764729999999 milliliter,4731.764729999999 gram
10.0,cup,white vinegar,,10.0 cup,2365.8823649999995 milliliter,2271.2470703999993 gram
10.0,cup,apple cider vinegar,,10.0 cup,2365.8823649999995 milliliter,2886.376485299999 gram
59.99999999999999,tbsp,maple syrup,,59.99999999999999 tablespoon,887.2058868749997 milliliter,1215.4720650187496 gram
59.99999999999999,tsp,salt,,59.99999999999999 teaspoon,295.7352956249999 milliliter,
10.0,tsp,red pepper flakes,,10.0 teaspoon,49.28921593749998 milliliter,23.333333333333332 gram
