number,raw_unit,ingredient,notes,pint_raw,pint_volume,pint_mass
453.3333333333333,gram,bell pepper,red,453.3333333333333 gram,,453.3333333333333 gram
21.333333333333332,clove,garlic,,,,
10.666666666666666,can,great northern bean,,,,
10.666666666666666,tbsp,tahini,,10.666666666666666 tablespoon,157.72549099999995 milliliter,149.33333333333334 gram
21.333333333333332,tbsp,hot sauce,,21.333333333333332 tablespoon,315.4509819999999 milliliter,
10.666666666666666,tbsp,lemon juice,,10.666666666666666 tablespoon,157.72549099999995 milliliter,162.45725572999996 gram
10.666666666666666,tbsp,water,,10.666666666666666 tablespoon,157.72549099999995 milliliter,157.72549099999995 gram
5.333333333333333,tbsp,paprika,,5.333333333333333 tablespoon,78.86274549999997 milliliter,37.333333333333336 gram
2.6666666666666665,tsp,salt,,2.6666666666666665 teaspoon,13.143790916666662 milliliter,
