number,raw_unit,ingredient,notes,pint_raw,pint_volume,pint_mass
124.66666666666666,gram,bell pepper,red,124.66666666666666 gram,,124.66666666666666 gram
5.866666666666666,clove,garlic,,,,
2.933333333333333,can,great northern bean,,,,
2.933333333333333,tbsp,tahini,,2.933333333333333 tablespoon,43.374510024999985 milliliter,41.06666666666666 gram
5.866666666666666,tbsp,hot sauce,,5.866666666666666 tablespoon,86.74902004999997 milliliter,
2.933333333333333,tbsp,lemon juice,,2.933333333333333 tablespoon,43.374510024999985 milliliter,44.675745325749986 gram
2.933333333333333,tbsp,water,,2.933333333333333 tablespoon,43.374510024999985 milliliter,43.374510024999985 gram
1.4666666666666666,tbsp,paprika,,1.4666666666666666 tablespoon,21.687255012499993 milliliter,10.266666666666666 gram
0.7333333333333333,tsp,salt,,0.7333333333333333 teaspoon,3.614542502083332 milliliter,
