number,raw_unit,ingredient,notes,pint_raw,pint_volume,pint_mass
3.6363636363636367,cup,cashew,,3.6363636363636367 cup,860.3208599999998 milliliter,558.1818181818182 gram
10.90909090909091,cup,yogurt,,10.90909090909091 cup,2580.9625799999994 milliliter,2672.727272727273 gram
29.090909090909093,clove,garlic,,,,
1.8181818181818183,tbsp,salt,,1.8181818181818183 tablespoon,26.885026874999994 milliliter,
3.6363636363636367,pound,cucumber,,3.6363636363636367 pound,,1649.4268000000004 gram
0.9090909090909092,cup,dill,chopped,0.9090909090909092 cup,215.08021499999995 milliliter,
